[
  {
    "id": 1,
    "priority": 2,
    "action": {
      "type": "modifyHeaders",
      "requestHeaders": [
        {
          "header": "user-agent",
          "operation": "set",
          "value": "Mozilla/5.0 (iPhone; CPU iPhone OS 16_1 like Mac OS X) AppleWebKit/605.1.15 (KHTML, like Gecko) EdgiOS.108.0.1462.77 Version/16.0 Mobile/15E148 Safari/604.1"
        }
      ]
    },
    "condition": {
      "urlFilter": "*://*/*",
      "resourceTypes": [
        "main_frame", 
        "sub_frame"
      ]
    }
  }
]